student_id,course_id,rating,enrollment_status,progress_pct
S101,C101,5,completed,100
S101,C102,4,in_progress,60
S102,C103,4,completed,100
S103,C101,5,completed,100
S103,C104,3,in_progress,40
S104,C102,4,completed,100
S104,C105,5,in_progress,80
S105,C101,4,completed,100
S105,C106,5,completed,100
S106,C101,5,completed,100
S106,C103,4,in_progress,50
S107,C102,4,completed,100
S107,C105,3,in_progress,30
S108,C104,4,completed,100
S109,C101,5,completed,100
S109,C106,5,completed,100
S110,C101,4,completed,100
S110,C107,5,in_progress,70
S111,C105,3,completed,100
S111,C108,4,in_progress,45
S112,C102,4,completed,100
S112,C109,5,in_progress,85
S113,C101,5,completed,100
S113,C110,5,completed,100
S114,C104,4,completed,100
S114,C106,4,in_progress,65
S115,C102,5,completed,100
S115,C107,4,in_progress,50
S116,C101,4,completed,100
S116,C110,5,completed,100
S117,C102,5,completed,100
S117,C108,4,in_progress,75
S118,C101,4,completed,100
S118,C109,5,in_progress,90
S119,C103,4,completed,100
S119,C104,3,in_progress,20
S120,C102,5,completed,100
S120,C111,5,in_progress,60
S121,C101,5,completed,100
S121,C107,5,completed,100
S122,C105,4,completed,100
S122,C108,3,in_progress,40
S123,C104,4,completed,100
S123,C106,4,in_progress,55
S124,C101,5,completed,100
S124,C106,5,completed,100
S125,C102,4,completed,100
S125,C105,4,in_progress,70
S126,C101,5,completed,100
S126,C110,4,in_progress,80
S127,C102,5,completed,100
S127,C112,4,in_progress,35
S128,C104,4,completed,100
S128,C106,3,in_progress,50
S129,C101,4,completed,100
S129,C106,5,completed,100
S130,C101,5,completed,100
S130,C111,5,completed,100
S131,C102,4,completed,100
S131,C105,3,in_progress,40
S132,C101,5,completed,100
S132,C107,5,in_progress,85
S133,C105,4,completed,100
S133,C106,4,in_progress,60
S134,C102,4,completed,100
S134,C109,3,in_progress,30
S135,C103,4,completed,100
S135,C104,4,in_progress,75
S136,C101,5,completed,100
S136,C107,4,in_progress,50
S137,C102,5,completed,100
S137,C108,4,in_progress,65
S138,C101,5,completed,100
S138,C106,5,completed,100
S139,C104,3,completed,100
S140,C108,4,completed,100
S140,C109,4,in_progress,55
S141,C101,5,completed,100
S141,C111,5,completed,100
S142,C102,4,completed,100
S142,C105,4,in_progress,70
S143,C101,4,completed,100
S143,C106,5,in_progress,80
S144,C104,4,completed,100
S144,C112,4,in_progress,45
S145,C101,5,completed,100
S145,C110,5,completed,100
S146,C102,5,completed,100
S146,C111,4,in_progress,90
S147,C105,3,completed,100
S147,C108,4,in_progress,35
S148,C101,5,completed,100
S148,C107,5,completed,100
S149,C101,4,completed,100
S149,C111,5,in_progress,60
S150,C103,4,completed,100
S150,C112,4,in_progress,50
